time_to_compare,time_stamp,agent_id,agent_signature,target_id,target_signature,target_type,target_x,target_y,target_vx,target_vy,target_ax,target_ay,target_radius,target_alpha
0.1015172004699707,0.12998485565185547,3,7267854570014967,0,7843610703340133,2,9.076450898382225,16.10565330488217,1.3509738622800547,-0.056097886628566934,0.9999895008429225,0.9999895008429225,0.85,0
0.20388031005859375,0.25103139877319336,3,7267854570014967,0,7644670461878222,2,9.525856859484483,16.39553121823393,1.2625891120464776,0.019542481449141447,2.2684821445690244e-06,2.2684821445690244e-06,0.85,0
0.36302638053894043,0.40481996536254883,3,7267854570014967,0,540723136871059,2,9.84429925840216,15.984268076722408,2.008293168950976,0.9866755564558328,7.372532044596037e-06,7.372532044596037e-06,0.85,0
0.5160689353942871,0.5642492771148682,3,7267854570014967,0,903114827198852,2,9.493065848230415,16.450329056058134,-0.1160777721448294,0.17087293026112377,4.038856898920856e-06,4.038856898920856e-06,0.85,0
0.7221682071685791,0.7309188842773438,3,7267854570014967,0,6427356830504615,2,10.402481655705182,17.30798755312301,1.1423224591900236,0.19539661030159575,-1.1779297513034627e-05,-1.1779297513034627e-05,0.85,0
0.8246109485626221,0.87154221534729,3,7267854570014967,0,9533079075185702,2,9.986410127402195,16.902595874612178,0.5470642756959537,-0.4586124272890437,1.1989932239030993e-05,1.1989932239030993e-05,0.85,0
1.036283016204834,1.0467143058776855,3,7267854570014967,0,14570602601955,2,10.54667700148122,17.04281609533242,1.7143596361976807,0.03257462524525862,6.846858953644711e-06,6.846858953644711e-06,0.85,0
1.2505688667297363,1.2631886005401611,3,7267854570014967,0,9919397546458318,3,10.761809771434937,16.74611402498358,0.5781504021859487,-0.1314813440083743,1.880320735209656e-05,1.880320735209656e-05,0.85,0
1.3524322509765625,1.4020874500274658,3,7267854570014967,0,8660601031939800,3,10.884511136978158,15.665033575038077,0.9157499954682352,0.681155422840269,2.1678816445307546e-06,2.1678816445307546e-06,0.85,0
1.5633587837219238,1.5865988731384277,3,7267854570014967,0,5036010256371285,3,11.254119575240665,16.38396123131634,0.4479663082093326,-0.13348928486402334,1.6704717754704503e-06,1.6704717754704503e-06,0.85,0
1.665698766708374,1.6951754093170166,3,7267854570014967,0,1138973659210832,3,12.032071571720543,15.95074645493351,1.6341608107525782,-0.7678789785978151,3.8636289623898685e-06,3.8636289623898685e-06,0.85,0
1.8187956809997559,1.8510627746582031,3,7267854570014967,0,5163443404428062,3,12.048356421716765,16.320205449681566,0.8194315812145624,0.46156654078041875,-2.6851358289735948e-06,-2.6851358289735948e-06,0.85,0
1.97279691696167,1.9789626598358154,3,7267854570014967,0,117520780853447,3,12.077347100366627,17.048688366488307,0.3661065277468887,-1.0126912111056174,-2.294507033869441e-06,-2.294507033869441e-06,0.85,0
2.0751843452453613,2.1073803901672363,3,7267854570014967,0,9258026642020980,3,11.369154595448054,16.304188210398916,1.4778555067787158,0.3212691929399997,7.761198217649836e-06,7.761198217649836e-06,0.85,0
2.228517532348633,2.2518138885498047,3,7267854570014967,0,7443187723167473,3,11.767488565550657,16.67181754402045,0.41382195235920616,0.41067156183512116,8.487696330547353e-06,8.487696330547353e-06,0.85,0
2.3305883407592773,2.3771562576293945,3,7267854570014967,0,8303162785314544,3,12.122559927239436,16.685128668751812,1.329416652778337,-0.11817741519639868,8.934172416409391e-06,8.934172416409391e-06,0.85,0
2.5355172157287598,2.584365129470825,3,7267854570014967,0,715704358089031,3,12.343752831862215,15.99182384128369,0.5797022606311579,0.6345264852076444,1.1244870042097295e-06,1.1244870042097295e-06,0.85,0
2.73978853225708,2.741511821746826,3,7267854570014967,0,5070790787776686,3,12.034138554530763,16.179623385771784,0.5325290998218699,0.013701121064232335,-4.97362568248432e-06,-4.97362568248432e-06,0.85,0
2.9487898349761963,2.963045597076416,3,7267854570014967,0,3650397448717598,3,13.106804652356209,16.53469427448819,1.9386801579071133,0.2314413964870897,9.514811790649748e-06,9.514811790649748e-06,0.85,0
3.1535274982452393,3.1650338172912598,3,7267854570014967,0,9399029226577374,3,13.11239834809345,15.738490024103454,1.2373969171428474,-0.2929266912705547,-4.516570923712978e-07,-4.516570923712978e-07,0.85,0
3.367032527923584,3.3880579471588135,3,7267854570014967,0,1084347646087183,3,13.305859689064054,16.24462186547286,0.8074740559165774,0.6971360572974173,-6.658341600926965e-06,-6.658341600926965e-06,0.85,0
3.5209057331085205,3.5457653999328613,3,7267854570014967,0,3295788812283932,3,12.730787313475503,16.230764176977527,1.1357374654622814,0.11374588887925657,-4.587813300508043e-06,-4.587813300508043e-06,0.85,0
3.674567937850952,3.714808702468872,3,7267854570014967,0,8605258938847067,3,12.810464174083242,15.867553815960015,1.3388586075425783,0.23458853844778313,2.1927037675197792e-05,2.1927037675197792e-05,0.85,0
3.8277580738067627,3.8421239852905273,3,7267854570014967,0,4404239135858918,3,13.570796522894351,17.00792969044634,1.0385489921067927,0.16177331713909987,1.2283806803771203e-05,1.2283806803771203e-05,0.85,0
3.932312488555908,3.968629837036133,3,7267854570014967,0,3425638607977001,3,14.038342257758998,17.12464422116796,0.6932790746925136,-0.7853645548252702,5.876501920425042e-06,5.876501920425042e-06,0.85,0
4.136721611022949,4.178739070892334,3,7267854570014967,0,7140632624686261,3,13.511921642005793,16.7808523997585,0.781815330362436,0.7099095611018168,-1.9574091840806254e-05,-1.9574091840806254e-05,0.85,0
4.393231630325317,4.4091455936431885,3,7267854570014967,0,5034009521962785,3,14.164651355848548,16.63463814790573,0.5932474526893394,-0.07268527481677893,-5.369085724930929e-06,-5.369085724930929e-06,0.85,0
4.496520280838013,4.534157752990723,3,7267854570014967,0,735058771538722,3,14.702823875600592,15.935289699764992,1.4974141220881507,-0.42903037296279717,8.043018388248915e-06,8.043018388248915e-06,0.85,0
4.6498401165008545,4.676048994064331,3,7267854570014967,0,6491695148613093,3,13.538086750047587,17.616530844972452,0.9927438498316218,-0.0823544049705723,1.9377044379359848e-05,1.9377044379359848e-05,0.85,0
5.008825302124023,5.010006427764893,3,7267854570014967,0,4850406955760283,3,14.889037105715081,15.767611778882953,1.2783956990240166,-0.40381158718586807,-1.5218560475721925e-06,-1.5218560475721925e-06,0.85,0
5.163737058639526,5.210230588912964,3,7267854570014967,0,7890740674414690,3,14.800564962488199,16.758168182546555,1.3735234057877221,0.05518930457577929,-6.708975801918421e-06,-6.708975801918421e-06,0.85,0
5.420424222946167,5.468580484390259,3,7267854570014967,0,3870880681434904,3,15.06162900592165,16.922066308772507,1.2357860433777792,0.28557621037796577,-2.5794569033087974e-05,-2.5794569033087974e-05,0.85,0
5.635913610458374,5.677895784378052,3,7267854570014967,0,8798793676108652,3,15.355361031744817,16.578453502440688,0.7456827125712732,0.7020759375838448,7.79133966769607e-06,7.79133966769607e-06,0.85,0
5.896156311035156,5.939444541931152,3,7267854570014967,0,8115196291763741,3,16.7114668937049,17.70551689698517,0.2729279986516764,-0.10167846475429661,-5.053829104017103e-06,-5.053829104017103e-06,0.85,0
6.049971580505371,6.075721502304077,3,7267854570014967,0,3943229587212441,3,14.6893188280842,17.450109771484154,1.2515087592083334,-0.7253100583332194,9.702632313424667e-06,9.702632313424667e-06,0.85,0
6.152155876159668,6.195634365081787,3,7267854570014967,0,2757358926040325,3,14.848809169731918,17.000604676601462,0.4638307820712342,-0.38758233885453447,6.777743703773829e-06,6.777743703773829e-06,0.85,0
6.319723606109619,6.36895227432251,3,7267854570014967,0,724260074887099,3,16.64468125394161,16.25819364146027,1.1129690981464004,-0.5116406649828987,4.132323273886991e-06,4.132323273886991e-06,0.85,0
6.47793436050415,6.5107879638671875,3,7267854570014967,0,2727868690489363,3,14.96027186994098,16.18466987658259,1.90058359615069,0.14493514306754135,-2.27268820980552e-06,-2.27268820980552e-06,0.85,0
6.631753921508789,6.665083885192871,3,7267854570014967,0,9984640581720376,3,16.347677857663605,16.386305189400225,2.6013960235598663,0.4195511849846376,9.817652461821017e-06,9.817652461821017e-06,0.85,0
6.784927845001221,6.796313047409058,3,7267854570014967,0,3684873327295728,3,15.950567441933972,16.96580537144503,1.3358692022678558,0.3890494478543633,-8.658052204141754e-06,-8.658052204141754e-06,0.85,0
6.887518405914307,6.927589416503906,3,7267854570014967,0,2197195274159413,3,16.859414979472646,16.844306348098403,1.2658898287879683,-0.5798986157011959,-1.3020062858802072e-05,-1.3020062858802072e-05,0.85,0
7.043471336364746,7.0553553104400635,3,7267854570014967,0,5827926703496768,3,16.204106785500695,15.457545466613073,0.9165468530553484,0.10353670036662896,-1.4888805302252542e-05,-1.4888805302252542e-05,0.85,0
7.147289752960205,7.1787660121917725,3,7267854570014967,0,5479505773331257,3,16.925248936005723,16.705877464637712,0.5539886355965846,0.17298016724059995,-6.291264031389909e-06,-6.291264031389909e-06,0.85,0
7.3008363246917725,7.318941593170166,3,7267854570014967,0,5095533663682945,3,16.47492587616873,15.957083748617197,0.18186893539265436,-0.17411187909477924,1.3439368387300417e-05,1.3439368387300417e-05,0.85,0
7.454582214355469,7.461289405822754,3,7267854570014967,0,5980930543324190,3,17.083755042836053,16.04065097964511,1.2737507336493419,0.5506259795770438,1.0446185934184175e-05,1.0446185934184175e-05,0.85,0
7.661792755126953,7.682279109954834,3,7267854570014967,0,4455167767278450,3,17.15251017281587,16.587604004549853,1.8930520125111512,0.14737351282251795,1.9377533693105166e-05,1.9377533693105166e-05,0.85,0
7.816864252090454,7.843539476394653,3,7267854570014967,0,9549190622219072,3,16.99881366879949,16.646875919781923,0.28948716342042125,0.06090470627774969,3.0509276320788526e-06,3.0509276320788526e-06,0.85,0
8.075722455978394,8.077303886413574,3,7267854570014967,0,7361889875330778,3,17.896737570813492,16.844236509702316,1.28278274637737,0.6715649140235903,1.5271835119857437e-06,1.5271835119857437e-06,0.85,0
8.230291843414307,8.264526844024658,3,7267854570014967,0,5991333643225921,3,18.339025092729177,16.535035112534498,1.6789385498463076,-0.10349225026475098,3.956960690123362e-06,3.956960690123362e-06,0.85,0
8.540786981582642,8.562128067016602,3,7267854570014967,0,2511650887653478,3,17.19423725167661,16.71894197943033,0.9915011766780158,0.8552128002784906,1.2831510281352329e-05,1.2831510281352329e-05,0.85,0
8.746406316757202,8.772725582122803,3,7267854570014967,0,9921581373638166,3,18.082820231572047,16.566911487563367,1.800207172927454,0.01649482112752086,-1.3081851499428561e-06,-1.3081851499428561e-06,0.85,0
8.900577306747437,8.943531274795532,3,7267854570014967,0,6899725968827498,3,18.300308465713908,16.94158722461028,2.176016874232435,0.13692626005880554,2.0482594522740455e-06,2.0482594522740455e-06,0.85,0
9.10866093635559,9.133558750152588,3,7267854570014967,0,4556950385390958,3,18.82908027629011,16.650508063593936,0.32345928498199206,0.41929472988382765,6.703551839480562e-06,6.703551839480562e-06,0.85,0
9.263598680496216,9.299891948699951,3,7267854570014967,0,9236065939224058,3,19.450211491563834,15.32625196286523,1.0148632516738,0.18077674387608358,-4.206766858120076e-06,-4.206766858120076e-06,0.85,0
9.470596075057983,9.517332077026367,3,7267854570014967,0,8594709053816425,3,18.230735185087436,15.46128970928793,1.6655447419997014,-0.9202361287153585,9.527948452693246e-06,9.527948452693246e-06,0.85,0
9.678734064102173,9.729256868362427,3,7267854570014967,0,1179271521635112,3,18.957347737101113,16.26738341895545,0.6249036267643173,-0.4269092734185285,-6.319372873379141e-06,-6.319372873379141e-06,0.85,0
9.837384939193726,9.866138696670532,3,7267854570014967,0,829601351509543,3,19.275307407323563,15.723930362327215,0.42977784292320764,0.3040504413473152,7.419116149886414e-06,7.419116149886414e-06,0.85,0
10.044245719909668,10.077216863632202,3,7267854570014967,0,9161941307198088,3,20.032327773138164,16.4512836248224,0.3772095884702207,0.22127431225867636,4.413495366608318e-06,4.413495366608318e-06,0.85,0
10.30280613899231,10.305589199066162,3,7267854570014967,0,8538039605559841,3,19.656953424623367,16.785211894590866,1.236042128229443,0.0464727684100562,1.3164867855517007e-05,1.3164867855517007e-05,0.85,0
10.4568030834198,10.474039793014526,3,7267854570014967,0,7508578503109205,3,19.57146135972853,16.769057254358525,1.326456290618936,-1.0237724620648112,3.0054391665227164e-06,3.0054391665227164e-06,0.85,0
10.610120058059692,10.6384756565094,3,7267854570014967,0,568408840920627,3,20.229211787486577,16.868018844644208,2.0035922679744345,0.3444092835318817,1.3384872072860573e-05,1.3384872072860573e-05,0.85,0
10.764856815338135,10.810290575027466,3,7267854570014967,0,338329276096199,3,20.00535800189436,16.83855358537523,0.47999907441698464,-1.0431463144295727,3.3577090602629455e-07,3.3577090602629455e-07,0.85,0
10.926115274429321,10.974951028823853,3,7267854570014967,0,2928402293132176,3,20.524295314355435,15.905351885082062,0.9439852836064183,0.07832157313962455,6.032539311296446e-06,6.032539311296446e-06,0.85,0
11.138742923736572,11.141436576843262,3,7267854570014967,0,661852738561325,3,20.752589826571953,16.063257038576992,1.7638194557378644,0.17456030162249844,1.0109653027782615e-05,1.0109653027782615e-05,0.85,0
11.344322443008423,11.392083406448364,3,7267854570014967,0,8888668346603138,3,19.763581142986357,17.029109026465598,1.4332335546181887,0.8083432330388256,-3.4981454025564348e-06,-3.4981454025564348e-06,0.85,0
11.502226829528809,11.534156322479248,3,7267854570014967,0,4790606232483535,3,21.39649033835996,16.91769552154579,1.2208694508366271,0.6241732120359348,1.4030520346494858e-05,1.4030520346494858e-05,0.85,0
11.714565515518188,11.721289157867432,3,7267854570014967,0,4178723939237232,3,20.680925308816967,15.744763899860482,0.6415765449346114,-0.7930887584591398,2.065459657062703e-05,2.065459657062703e-05,0.85,0
11.869220495223999,11.910446166992188,3,7267854570014967,0,7861888953668874,3,20.191216636816147,16.536480824368766,1.0434479429385337,0.005853949034853041,-7.730308137481531e-06,-7.730308137481531e-06,0.85,0
12.075732707977295,12.094852209091187,3,7267854570014967,0,9169396110358534,3,21.80181092598075,16.815608806996853,1.1950042144620123,0.43383703913605975,-1.2763255835606638e-05,-1.2763255835606638e-05,0.85,0
12.282320261001587,12.28752326965332,3,7267854570014967,0,9109501969562032,3,21.496948746660408,16.538676979317668,0.7122994748080154,0.8016748426651995,-6.838870137954567e-06,-6.838870137954567e-06,0.85,0
12.591360807418823,12.622678518295288,3,7267854570014967,0,4861065723742936,3,21.32268353642662,16.271682652319253,0.8148155993593719,0.3883848929891417,5.078041144504555e-06,5.078041144504555e-06,0.85,0
12.848710536956787,12.869977235794067,3,7267854570014967,0,5627583863574786,3,22.498131113596294,16.285003869979477,0.5448641984319097,-0.17425466654132646,-2.8891047728300257e-06,-2.8891047728300257e-06,0.85,0
13.00382113456726,13.043986558914185,3,7267854570014967,0,5698873174088985,3,21.95045560656707,15.45633947207399,0.8880892699881965,0.054368867142086066,6.787848487799417e-06,6.787848487799417e-06,0.85,0
13.235376596450806,13.268825769424438,3,7267854570014967,0,7465930407301638,3,22.714302948358498,16.235622772969304,1.0723390572116887,0.296018764910426,-4.44261780897479e-06,-4.44261780897479e-06,0.85,0
13.445300817489624,13.459414720535278,3,7267854570014967,0,7859997912743635,3,22.83868591638273,16.406862763780726,1.5505456220444227,0.42138909636498917,9.881736254308082e-06,9.881736254308082e-06,0.85,0
13.600282430648804,13.624384880065918,3,7267854570014967,0,7909609065644031,3,22.379955904885584,16.29271573126409,1.4362152374178832,0.3744764605829756,-2.3380873482159345e-06,-2.3380873482159345e-06,0.85,0
13.760836124420166,13.782499551773071,3,7267854570014967,0,5394256641138960,3,22.791801666904586,16.853881627848658,0.2687952994626601,0.028388685669769115,-1.492049667675058e-06,-1.492049667675058e-06,0.85,0
13.915614604949951,13.944469213485718,3,7267854570014967,0,1879974140345161,3,23.580158548782013,16.705586642975323,1.5389653767226001,0.0910447051251432,1.954924613169445e-06,1.954924613169445e-06,0.85,0
14.0713210105896,14.109604358673096,3,7267854570014967,0,3386083388869065,3,23.67679454469083,16.47463982922736,1.3562750317889518,0.19425172872858718,3.2660031649482743e-06,3.2660031649482743e-06,0.85,0
14.281165838241577,14.299947500228882,3,7267854570014967,0,9679670131441054,3,23.01233698497282,16.38788393597273,0.9214675439132604,-0.103423605380405,9.977988836021157e-06,9.977988836021157e-06,0.85,0
14.486626386642456,14.496505975723267,3,7267854570014967,0,8266782634417562,3,24.091021668594887,16.190469614937765,0.022079433557762762,-0.015969018121094383,1.875918162811275e-05,1.875918162811275e-05,0.85,0
14.641407251358032,14.652459144592285,3,7267854570014967,0,3817637635021469,3,24.299657072280816,16.223817355214162,0.95613028996953,0.4362086940012436,2.2129760144237785e-05,2.2129760144237785e-05,0.85,0
14.795712947845459,14.83281922340393,3,7267854570014967,0,9505222729605030,3,23.763915098978597,16.58910743679788,0.8611997157791347,0.45532728060478034,1.6810928715649208e-05,1.6810928715649208e-05,0.85,0
14.952611207962036,14.997578859329224,3,7267854570014967,0,3900199555918803,3,24.126609540589474,16.383516365722645,1.0269544488884803,0.21032444853924423,-5.671284627973588e-06,-5.671284627973588e-06,0.85,0
15.114747285842896,15.161530494689941,3,7267854570014967,0,8537616034182342,3,24.541602551420812,15.394764556008315,1.669681120303603,-0.4314199812981726,1.34232957522265e-05,1.34232957522265e-05,0.85,0
15.329719305038452,15.337387561798096,3,7267854570014967,0,4801044567890841,3,24.874705943337826,17.20094380158172,0.43021467489217813,0.30122861410367385,-6.9227955863892674e-06,-6.9227955863892674e-06,0.85,0
15.537976741790771,15.580084323883057,3,7267854570014967,0,9216477350446956,3,24.918297706340592,16.265252322093147,1.8811252869702422,-0.3034073952372148,3.299152971934783e-07,3.299152971934783e-07,0.85,0
15.74542498588562,15.754117012023926,3,7267854570014967,0,9657317880088706,3,24.779932201382007,16.75444500218777,1.0078282185693628,-0.30594940976732393,6.298882160167745e-06,6.298882160167745e-06,0.85,0
15.952517032623291,15.965149879455566,3,7267854570014967,0,1284934830153289,3,24.845278101071607,16.38498187267691,0.43309109917253596,0.2820591438082783,-6.275913972530126e-06,-6.275913972530126e-06,0.85,0
16.070387601852417,16.11561107635498,3,7267854570014967,0,6653202581938240,3,25.527661810932898,16.63212474147704,1.0624301798679272,0.35065320267902994,-2.2373504557360408e-05,-2.2373504557360408e-05,0.85,0
16.23005223274231,16.245565176010132,3,7267854570014967,0,9491202819337136,3,25.475299174163208,17.14495366278273,1.1653923813886697,0.23658549296097883,1.9136174395335498e-05,1.9136174395335498e-05,0.85,0
16.38658618927002,16.43140172958374,3,7267854570014967,0,5770116808920856,3,24.721946503129203,16.108255521629257,1.8364256051729377,0.4210274667465926,-2.2125019956705978e-05,-2.2125019956705978e-05,0.85,0
16.606486797332764,16.648584365844727,3,7267854570014967,0,9251611398626410,3,26.12796078641497,16.94293126848174,1.4856547550992287,0.2061852076630301,-6.438007160827868e-07,-6.438007160827868e-07,0.85,0
16.814155340194702,16.82573628425598,3,7267854570014967,0,7788947939446350,3,26.023600726610276,16.775794273256626,0.18177455907014928,0.7216081723485612,2.2537935114553312e-06,2.2537935114553312e-06,0.85,0
17.024691820144653,17.060749769210815,3,7267854570014967,0,2499490711002979,3,26.016726266373823,15.940499977916645,-0.10598674459084578,-0.2969572976669411,-1.0057734890753122e-05,-1.0057734890753122e-05,0.85,0
17.2895188331604,17.30178165435791,3,7267854570014967,0,3705756851736104,3,25.93933905837393,16.28105635326892,1.317051676536612,0.5559700702073105,-2.038586351321299e-05,-2.038586351321299e-05,0.85,0
17.49649977684021,17.54840588569641,3,7267854570014967,0,2850259040239074,3,26.68630947652543,16.75759892349451,0.6933025460257178,0.0677423756622067,-1.0693138983068312e-05,-1.0693138983068312e-05,0.85,0
17.70721173286438,17.726997137069702,3,7267854570014967,0,5840620841881830,3,26.213557042004243,16.536859307278416,0.6177684296663145,0.4006869499878454,7.61678278318027e-06,7.61678278318027e-06,0.85,0
17.86556363105774,17.892362594604492,3,7267854570014967,0,2472484471969083,3,27.175752638867692,16.927847611477432,0.8962974754423165,0.7284988828425756,4.063669481816611e-06,4.063669481816611e-06,0.85,0
18.07513403892517,18.07638120651245,3,7267854570014967,0,7532583876446053,3,27.84936977790268,17.37152907344938,1.7491658018758771,0.05810743607728677,-1.463862544977499e-05,-1.463862544977499e-05,0.85,0
18.23379111289978,18.264459133148193,3,7267854570014967,0,8678745175551171,3,26.30980233365233,16.35021751175298,-0.1941217588041677,0.024413923050721903,-1.5085346010595495e-05,-1.5085346010595495e-05,0.85,0
18.443823099136353,18.446013689041138,3,7267854570014967,0,5215180965533582,3,28.433405111614228,15.361080720871165,0.5711710474296912,0.27377127328701467,-7.209005051117017e-06,-7.209005051117017e-06,0.85,0
18.653223752975464,18.685208082199097,3,7267854570014967,0,4038989547763355,3,27.985894769821993,16.268689207343346,0.44915744566218263,-0.006536327645820545,-8.0263801014214e-06,-8.0263801014214e-06,0.85,0
18.876312017440796,18.891903162002563,3,7267854570014967,0,5389731141442712,3,28.144935471900666,15.654374034595245,0.7620617864512654,-0.07383285278456399,3.4093740159002607e-06,3.4093740159002607e-06,0.85,0
19.090895175933838,19.10536289215088,3,7267854570014967,0,1174723062134467,3,28.573014014560705,15.882333046664828,1.421388949339286,-0.2246665843360351,6.53151833370831e-06,6.53151833370831e-06,0.85,0
19.252868175506592,19.268813133239746,3,7267854570014967,0,111378560361550,3,28.367055525801398,16.446292629195195,1.5889797771187646,0.2654745373642625,-5.621886394654035e-06,-5.621886394654035e-06,0.85,0
19.519465923309326,19.56493353843689,3,7267854570014967,0,7975490713805404,3,28.50746227003401,16.080525447145025,0.1893534130471668,-0.3042764007160098,-1.6199686099569497e-05,-1.6199686099569497e-05,0.85,0
19.78471350669861,19.813483238220215,3,7267854570014967,0,9134495500060182,3,28.46008099825871,16.672407580820234,0.6266405106375559,-0.1075625011582992,-8.1823603425236e-06,-8.1823603425236e-06,0.85,0
20.098036289215088,20.131856679916382,3,7267854570014967,0,504364136764764,3,28.958426595223834,16.370333026044122,0.9372547861380054,-0.11572450210074399,3.822752389461433e-06,3.822752389461433e-06,0.85,0
20.309279203414917,20.312400102615356,3,7267854570014967,0,2071707139108347,3,28.729845419156558,16.97239900726134,0.9886231109899412,0.65675060232716,-1.5298649220036578e-05,-1.5298649220036578e-05,0.85,0
20.574799060821533,20.578717947006226,3,7267854570014967,0,7543084606293689,3,30.11464807308331,15.319300769608425,1.3301350066679267,-0.1211815726965462,2.5368803788514383e-05,2.5368803788514383e-05,0.85,0
20.730300426483154,20.746353149414062,3,7267854570014967,0,2857924339748100,3,30.39633234911008,16.475469522743303,0.8474884252252974,-0.35761161633227,8.982336433698056e-06,8.982336433698056e-06,0.85,0
20.938340425491333,20.959092140197754,3,7267854570014967,0,2533748653579552,3,30.462196880321088,16.106941581297185,0.6512519028031487,1.1072876518728132,9.590522446609349e-06,9.590522446609349e-06,0.85,0
21.153225421905518,21.179157733917236,3,7267854570014967,0,71080325543409,3,30.3396296100083,16.77120246188145,1.202759675689783,0.13243088352822968,7.755422072489409e-07,7.755422072489409e-07,0.85,0
21.314034938812256,21.358485460281372,3,7267854570014967,0,2801582713899383,3,30.429880714197743,16.661981654981936,0.8103387366613171,0.23973798777265448,-5.806173771219669e-06,-5.806173771219669e-06,0.85,0
21.591391563415527,21.636388301849365,3,7267854570014967,0,2421067704731140,3,30.20638368648481,18.009505620972675,0.766395292370616,0.4064633545991181,-2.998573770376615e-06,-2.998573770376615e-06,0.85,0
21.80838632583618,21.862817764282227,3,7267854570014967,0,2408335300777510,3,31.181660412312837,16.67448472753782,0.5648001858997168,-0.09779585495870759,1.8042763802791513e-05,1.8042763802791513e-05,0.85,0
22.025012493133545,22.06308889389038,3,7267854570014967,0,8468630693571820,3,31.907065530748632,16.84785962876833,1.1899732504204479,0.35441630102311333,-4.957926110215968e-06,-4.957926110215968e-06,0.85,0
22.245847940444946,22.29105830192566,3,7267854570014967,0,3579380566609633,3,31.791598792513867,17.066665858903793,0.9876020057999161,-0.8528859182500707,1.221638923594865e-05,1.221638923594865e-05,0.85,0
22.469629526138306,22.484993934631348,3,7267854570014967,0,8476790023522425,3,32.46457817703123,16.606056701283862,0.5879602991714363,-0.4930260430034738,-6.569599903280118e-07,-6.569599903280118e-07,0.85,0
22.629883289337158,22.666410207748413,3,7267854570014967,0,525550419591465,3,31.65325669421345,16.73363402356221,0.7869862879259052,0.06175750705073318,8.851375998221231e-06,8.851375998221231e-06,0.85,0
22.842645406723022,22.857513189315796,3,7267854570014967,0,3022383484987362,3,32.33901652656752,16.11823297191764,1.0838435335499734,-1.068401747690354,2.6532861315389584e-06,2.6532861315389584e-06,0.85,0
23.056532859802246,23.103752851486206,3,7267854570014967,0,1239043028888101,3,31.95117792009101,16.624691441137745,0.5637680172043047,0.5164826684745542,-1.0573209460631882e-05,-1.0573209460631882e-05,0.85,0
23.278465032577515,23.3034930229187,3,7267854570014967,0,2343315189376285,3,30.75093485347025,16.96584338485478,0.4560509875057157,0.4760819684511475,1.6314967672918042e-05,1.6314967672918042e-05,0.85,0
23.60222864151001,23.622400760650635,3,7267854570014967,0,3329326018176788,3,33.39458147364209,16.46344902547348,1.27359282689287,0.2276434764802709,-4.603926142692602e-07,-4.603926142692602e-07,0.85,0
23.81311058998108,23.82827091217041,3,7267854570014967,0,340442921219407,3,32.955099605768,16.313866388111553,1.0230699142386228,0.3893529655163153,-1.135389219392203e-05,-1.135389219392203e-05,0.85,0
24.081092834472656,24.101142644882202,3,7267854570014967,0,616823732908151,3,33.707869801686016,15.737036577370862,0.44451576005646476,0.1572295428822241,-1.615197381865732e-05,-1.615197381865732e-05,0.85,0
24.347518920898438,24.35490131378174,3,7267854570014967,0,2413515978922186,3,33.08503137725983,16.343129325358728,0.5695898561836783,0.04444367281743334,-2.9897262651854088e-05,-2.9897262651854088e-05,0.85,0
24.513322353363037,24.549467086791992,3,7267854570014967,0,8235218911039046,3,33.919393889547045,16.179899273872703,0.6917399062038804,-0.9397016435220894,1.037409818595346e-05,1.037409818595346e-05,0.85,0
24.779497623443604,24.797293424606323,3,7267854570014967,0,787191507355084,3,33.002595289622505,17.02245502174323,1.013606252463895,-0.4535974392017281,-3.739057501273256e-06,-3.739057501273256e-06,0.85,0
24.93730330467224,24.972465991973877,3,7267854570014967,0,5094962900313071,3,33.98414620804295,16.558723985678668,0.9451387721476547,0.0024357130675277446,4.373812670684428e-06,4.373812670684428e-06,0.85,0
25.20244836807251,25.2235426902771,3,7267854570014967,0,1796246813081981,3,33.48147739556341,17.0708267599506,1.546892443456012,-0.4728664536745089,-1.163717113918569e-05,-1.163717113918569e-05,0.85,0
25.36362624168396,25.39393138885498,3,7267854570014967,0,5924889489524706,3,32.846452101490144,17.41652601957222,0.5067149640896887,0.0016090071401474665,-3.180569656562197e-07,-3.180569656562197e-07,0.85,0
25.625300645828247,25.627116918563843,3,7267854570014967,0,1347595056015601,3,35.112546890199994,16.9013571989216,0.8286349674727975,0.15350852015556413,1.0298648153936328e-05,1.0298648153936328e-05,0.85,0
25.83868956565857,25.871915102005005,3,7267854570014967,0,7918323661645528,3,35.39904084195006,15.909732644582226,0.9013499705060602,-0.46263647837401634,1.949922921148502e-06,1.949922921148502e-06,0.85,0
26.192482709884644,26.207563161849976,3,7267854570014967,0,6397603612353732,3,34.499086146638184,16.246249274595215,1.4033896392744718,-0.8374782479427075,-7.824122784105545e-06,-7.824122784105545e-06,0.85,0
26.462255477905273,26.489691495895386,3,7267854570014967,0,7911940236570213,3,35.895905316638014,16.29590990986965,0.5459250120198298,-0.6481511361531326,2.2021850545922133e-05,2.2021850545922133e-05,0.85,0
26.73157238960266,26.7479567527771,3,7267854570014967,0,9180474454561430,3,36.37538156951984,16.2213529877372,1.630985420482809,0.3070149565764064,6.944819478723905e-06,6.944819478723905e-06,0.85,0
26.942341089248657,26.992796182632446,3,7267854570014967,0,6281705579601786,3,36.71553273891376,16.31775724791647,1.2950948067815649,-0.36978851980323363,-8.787283009305165e-06,-8.787283009305165e-06,0.85,0
27.14875555038452,27.19688582420349,3,7267854570014967,0,9769499987112996,3,36.636710649952256,16.159229791977275,1.414059325250643,0.36000361463951774,-2.371951166141995e-05,-2.371951166141995e-05,0.85,0
27.422924757003784,27.443670988082886,3,7267854570014967,0,794151893146725,3,36.88152050724799,16.110402444201164,1.0922994461759468,0.012249061325071128,-1.113683186270867e-05,-1.113683186270867e-05,0.85,0
27.633426904678345,27.65047335624695,3,7267854570014967,0,198022020891999,3,36.24843921143052,15.799835515984446,0.46267093383602587,-0.21026441303371418,-2.1238766203259313e-05,-2.1238766203259313e-05,0.85,0
27.911550045013428,27.926524877548218,3,7267854570014967,0,6712540067196426,3,37.19696779660848,16.587015622839626,1.0490235323469328,0.22155045552417846,6.035508759935933e-06,6.035508759935933e-06,0.85,0
28.130784034729004,28.183884143829346,3,7267854570014967,0,7595672116249143,3,37.76794355278776,16.23403064742,1.42506701752516,0.2762867759935831,-8.932775259883913e-06,-8.932775259883913e-06,0.85,0
28.453868627548218,28.467482805252075,3,7267854570014967,0,4545329210775293,3,36.759726195199136,15.663079408907294,1.378459543604535,-0.4674544869617461,-1.997091670504638e-06,-1.997091670504638e-06,0.85,0
28.671760320663452,28.706509590148926,3,7267854570014967,0,9860368863997910,3,36.66174115713527,16.66089699543912,1.0148137290631856,-0.038393640471736656,1.1605865929551611e-05,1.1605865929551611e-05,0.85,0
28.887896060943604,28.93872594833374,3,7267854570014967,0,250388778252113,3,37.78684570131824,16.116395732385527,0.7793776866454628,0.4984745268946843,-1.12147836405227e-06,-1.12147836405227e-06,0.85,0
29.102184295654297,29.132378101348877,3,7267854570014967,0,1377758293983484,3,38.90876422724856,16.809515431638456,2.04682393981205,0.3789886919845994,9.035900170877632e-07,9.035900170877632e-07,0.85,0
29.26152491569519,29.27832341194153,3,7267854570014967,0,829676897745878,3,38.35308439449292,16.793141099862265,0.14768089371387494,-0.6099537610839537,-3.3126244484410657e-06,-3.3126244484410657e-06,0.85,0
29.585110902786255,29.591369152069092,3,7267854570014967,0,5348305031268017,3,38.90597358280886,16.756122319620438,2.721160233346622,0.053218579595440664,-2.5768567000476984e-06,-2.5768567000476984e-06,0.85,0
29.926175832748413,29.94056797027588,3,7267854570014967,0,1673086650570033,3,38.564665771618,16.941115391930747,1.52870065696214,0.49383173799099955,-7.267251851305601e-06,-7.267251851305601e-06,0.85,0
30.145099401474,30.193426370620728,3,7267854570014967,0,9164981584872962,3,38.935770333859416,16.05703091756639,1.6353148160236604,-0.3742765703227293,-7.597953323750232e-06,-7.597953323750232e-06,0.85,0
30.37256121635437,30.417381048202515,3,7267854570014967,0,1332721804425754,3,39.48664694463282,16.22191537263989,1.292780232073084,-0.8778922605536392,-7.518178087600087e-06,-7.518178087600087e-06,0.85,0
30.589237451553345,30.640430688858032,3,7267854570014967,0,857933084830699,3,39.797390134044825,16.21509149042684,0.9417279215622725,-0.136129851942574,-9.999627842592423e-07,-9.999627842592423e-07,0.85,0
30.86119842529297,30.9086492061615,3,7267854570014967,0,3006124430293666,3,39.132685679381716,16.122516955623762,1.143375520596354,-0.20875548346311,1.1123036750158882e-05,1.1123036750158882e-05,0.85,0
31.13834571838379,31.14883303642273,3,7267854570014967,0,6408794704613094,3,39.24393906198135,16.2747422993442,1.4517402098637164,0.36705194319802253,4.6210558922247096e-06,4.6210558922247096e-06,0.85,0
31.300270795822144,31.34294605255127,3,7267854570014967,0,2703634762157920,3,39.04764758785669,16.77161086479626,0.8062238866481514,0.9381325730158423,1.6520145477414496e-05,1.6520145477414496e-05,0.85,0
31.574281454086304,31.58633518218994,3,7267854570014967,0,8565459413807781,3,40.099294092454066,16.784473750776197,0.8832818023961293,-0.2726191027301813,6.473206176877615e-06,6.473206176877615e-06,0.85,0
31.798954248428345,31.856980800628662,3,7267854570014967,0,9455444817574494,3,40.073711908334175,16.496854023217065,0.9793376063624084,1.2751227772191072,-1.4300056692177295e-05,-1.4300056692177295e-05,0.85,0
32.08133506774902,32.08518648147583,3,7267854570014967,0,7694918637507734,3,41.0233078182403,15.247257176741062,0.3693569037239638,-1.3491513381830393,-1.0000146304967488,-1.0000146304967488,0.85,0
32.34966230392456,32.35801959037781,3,7267854570014967,0,7890648992123340,3,40.98035956492777,15.409442546391615,-1.7706172536105685e-06,0.09924646040729246,3.7955399150012633e-06,3.7955399150012633e-06,0.85,0
32.635446548461914,32.66604995727539,3,7267854570014967,0,4917460991238556,3,41.14503085575215,15.61321548926858,-0.18326224691346207,-0.7729512358622754,7.313375125937416e-07,7.313375125937416e-07,0.85,0
32.853492975234985,32.85810136795044,3,7267854570014967,0,9729156549536994,3,40.69535934725601,15.493467647335441,1.0225464274609146,-0.18283814409966337,-5.250191143162056e-08,-5.250191143162056e-08,0.85,0
33.12782168388367,33.16316866874695,3,7267854570014967,0,6774130142103093,3,40.7971164222105,15.543195393503366,-0.5762606906717289,-0.8307873053560915,2.16789363000876e-05,2.16789363000876e-05,0.85,0
33.34161639213562,33.36939311027527,3,7267854570014967,0,6131857133580347,3,40.30798746900929,14.03749226459723,0.26762981812065567,-1.9488450576890428,4.614001368945024e-06,4.614001368945024e-06,0.85,0
33.725000619888306,33.750426292419434,3,7267854570014967,0,3524849854340671,3,41.08817281046922,14.558148869995417,0.48782608740054956,0.0923714106598641,1.3408348211459534e-05,1.3408348211459534e-05,0.85,0
33.96122360229492,33.96323490142822,3,7267854570014967,0,1684832658188724,3,40.430918689295105,14.326227955376186,0.29946311881614535,-0.7174213254275253,-1.5553038260937702e-06,-1.5553038260937702e-06,0.85,0
34.180625677108765,34.21234631538391,3,7267854570014967,0,6594262338550406,3,40.900890718307835,13.859467512540144,-0.8258599811631196,-0.7122222364043669,-9.353169893466888e-06,-9.353169893466888e-06,0.85,0
34.47719883918762,34.49485945701599,3,7267854570014967,0,469448824661643,3,40.48059530105471,13.022409594734633,-0.875410973270216,-1.3379893037607802,1.6290268580423823e-05,1.6290268580423823e-05,0.85,0
34.696322202682495,34.71720051765442,3,7267854570014967,0,8212403093410786,3,41.26761498616999,14.188033205438543,-0.04395768473733792,-0.4496198893152842,-1.0489275848468166e-05,-1.0489275848468166e-05,0.85,0
34.92312717437744,34.969160318374634,3,7267854570014967,0,2310639501378121,3,40.987940908648646,12.305643449593738,-0.20528566333262552,-1.011920694189009,1.53359049226796e-05,1.53359049226796e-05,0.85,0
35.20612359046936,35.22042512893677,3,7267854570014967,0,8179834257712326,3,40.46466495000958,13.226955871665876,-0.4276605675437209,-0.7711400808026987,1.7473825104212913e-05,1.7473825104212913e-05,0.85,0
35.42091631889343,35.468987226486206,3,7267854570014967,0,4459053142015821,3,41.086616514596024,13.360184519474224,-0.3593738626736663,-1.3326513318750737,7.686323902423606e-06,7.686323902423606e-06,0.85,0
35.79865574836731,35.81603765487671,3,7267854570014967,0,3361636239809870,3,40.65819379925147,13.204479283051061,0.3700145461968271,-0.7176731293860581,1.7675513055605375e-06,1.7675513055605375e-06,0.85,0
36.07939338684082,36.09226703643799,3,7267854570014967,0,5821986696831828,3,40.72620030644576,12.255071681150282,-0.2790911388294605,-0.6701863340717785,-3.4242896220976284e-06,-3.4242896220976284e-06,0.85,0
36.3135781288147,36.361820220947266,3,7267854570014967,0,5351441057829861,3,40.64057634259435,11.456077258722592,0.04118599503197903,-0.04995979473187817,1.6500675459243704e-05,1.6500675459243704e-05,0.85,0
36.702688455581665,36.78226566314697,3,7267854570014967,0,3113716917380946,3,41.31593835990292,12.177248275016353,0.29650632516667097,-0.9255722661981156,7.824409797655357e-06,7.824409797655357e-06,0.85,0
37.01123642921448,37.02838969230652,3,7267854570014967,0,2542543545375115,3,40.49272983410702,11.31789468337821,-0.11464724728929578,-1.2690478157680127,1.4690559549144998e-05,1.4690559549144998e-05,0.85,0
37.28876066207886,37.294429063797,3,7267854570014967,0,1687678103668440,3,40.52487232827108,10.065772047957662,0.06136102158534936,-1.6508339761089115,2.3580850323047378e-05,2.3580850323047378e-05,0.85,0
37.50280141830444,37.52177906036377,3,7267854570014967,0,6621485319523625,3,41.308720253965944,11.23902310663074,0.15962130933266405,-0.5775338479463246,1.5199437507589174e-05,1.5199437507589174e-05,0.85,0
37.83270788192749,37.84855771064758,3,7267854570014967,0,4459175561107850,3,39.61508821859127,10.538286576457365,-0.6591584194579597,-1.2655082522518961,1.4970022915849784e-05,1.4970022915849784e-05,0.85,0
38.17350101470947,38.21206045150757,3,7267854570014967,0,9158583811003648,3,41.02241173842102,10.263656305029823,-0.31693567635813996,-1.0911732833290997,-6.6862510051732274e-06,-6.6862510051732274e-06,0.85,0
38.473719120025635,38.520936012268066,3,7267854570014967,0,6859000039855017,3,40.14904511836237,10.008642379479484,0.07510052829345648,-0.18894593289163997,1.4126088166169467e-05,1.4126088166169467e-05,0.85,0
38.75043821334839,38.77055644989014,3,7267854570014967,0,8441707979937689,3,40.786484632644374,10.256554460325571,0.542430840979171,-0.6238253081287645,-5.263952859647396e-07,-5.263952859647396e-07,0.85,0
39.07179856300354,39.09146332740784,3,7267854570014967,0,6466632113080143,3,40.48497917031481,9.759797027250883,-0.022393531978627812,-0.516034429211665,-1.0019145987485908e-05,-1.0019145987485908e-05,0.85,0
39.39716148376465,39.42832088470459,3,7267854570014967,0,4303322843400260,3,40.999745457736644,9.306937370751992,0.344373688528539,-0.9489461160064498,-1.0344049603632016e-05,-1.0344049603632016e-05,0.85,0
39.67037892341614,39.6735098361969,3,7267854570014967,0,8073057217507036,3,40.876502852460895,7.739496370380516,-0.09624089564476569,-1.0369176177390005,-6.684702933549861e-07,-6.684702933549861e-07,0.85,0
39.89546871185303,39.93450093269348,3,7267854570014967,0,871162854777428,3,41.73870718159991,8.5782935423831,0.5096016056115834,-1.4793966771508484,1.76157827322584e-06,1.76157827322584e-06,0.85,0
40.194096088409424,40.240506649017334,3,7267854570014967,0,3874414240332345,3,40.010455477090346,9.031096800449927,0.5321959131118772,0.008048856522837378,-8.552791636600079e-06,-8.552791636600079e-06,0.85,0
40.61194634437561,40.65168905258179,3,7267854570014967,0,96020236009534,3,40.793698562756205,8.17163065784614,-1.153245098509942,-1.1899570637000876,8.77713055280667e-06,8.77713055280667e-06,0.85,0
40.89662837982178,40.91565155982971,3,7267854570014967,0,4678918671210842,3,40.86462762856025,6.8914713149893085,-1.0328065912273525,-1.029441863082406,-1.000148044836915e-07,-1.000148044836915e-07,0.85,0
41.0574312210083,41.05259728431702,3,7267854570014967,0,1823250017598029,3,41.679593132971874,7.232438853868167,0.41453840009410925,-0.9868247711767112,-6.690549593128793e-06,-6.690549593128793e-06,0.85,0
41.16597938537598,41.21416354179382,3,7267854570014967,0,8838016938208185,3,40.152159541112255,8.502849668730459,0.8788009847773972,-1.1385781573064522,-5.252333708013147e-06,-5.252333708013147e-06,0.85,0
41.51542401313782,41.54956793785095,3,7267854570014967,0,3781914323387911,3,41.06884855755725,7.115900273384773,0.17272781860676126,-1.285591746187849,-1.962310048225555e-06,-1.962310048225555e-06,0.85,0
41.95130634307861,41.958415031433105,3,7267854570014967,0,3324821807644592,3,40.546498125269686,6.900529797761449,0.049221726535949126,-1.9182072746669672,7.477782038615734e-08,7.477782038615734e-08,0.85,0
42.24568843841553,42.30220818519592,3,7267854570014967,0,9046106338911458,3,40.55710575808729,7.634863902371673,-0.013404367996615638,-1.3065641643294295,3.640751705755319e-06,3.640751705755319e-06,0.85,0
42.60882520675659,42.641716957092285,3,7267854570014967,0,9434032646308060,3,40.442287421081474,6.19282930557505,-0.05575072896420779,-1.2339291809435755,-6.122909832939414e-06,-6.122909832939414e-06,0.85,0
42.835986852645874,42.87073063850403,3,7267854570014967,0,5815530066820722,3,40.352333409218915,6.442226658066615,1.1378101784846737,-1.9669069267952628,-1.0688623790637383e-05,-1.0688623790637383e-05,0.85,0
43.16502022743225,43.2129225730896,3,7267854570014967,0,2144723503871819,3,40.78994555913902,4.824722188514372,0.7085264612796097,-1.0868306475167533,3.8651193289246104e-06,3.8651193289246104e-06,0.85,0
43.448288679122925,43.46189618110657,3,7267854570014967,0,3430796749391854,3,40.75306992993443,6.300432451035396,-0.5978984434211336,-1.5871000027359639,1.5248707535866523e-05,1.5248707535866523e-05,0.85,0
43.66978573799133,43.70880937576294,3,7267854570014967,0,1774850271234950,3,40.20203906889482,5.3855452806875475,-1.346990165740446,0.4971276592568472,6.423784452993025e-06,6.423784452993025e-06,0.85,0
44.07329559326172,44.091591358184814,3,7267854570014967,0,2732452625631528,3,39.74852421042082,5.003666450176397,-0.7715154357375601,0.3405871598714188,8.910841253162659e-06,8.910841253162659e-06,0.85,0
44.30213189125061,44.33359169960022,3,7267854570014967,0,3477242040338383,3,39.98877269513092,5.938932838954025,-1.0837362504696764,0.3735894103036086,-6.5013636621386235e-06,-6.5013636621386235e-06,0.85,0
44.62835693359375,44.66902041435242,3,7267854570014967,0,3266261865449069,3,39.75912090606152,5.106666715556559,-1.378395801511122,0.03916242421733967,-1.2322687103471196e-06,-1.2322687103471196e-06,0.85,0
44.85117816925049,44.89972114562988,3,7267854570014967,0,8638100188149996,3,39.300231587002976,6.050459753404724,-0.36426715021288514,0.24167921452731422,6.8832651368062165e-06,6.8832651368062165e-06,0.85,0
45.11526608467102,45.15001034736633,3,7267854570014967,0,5012606925307762,3,38.57718319444863,5.362259907657605,-0.4303240236364524,-0.041994089586837695,-4.2795030639963e-06,-4.2795030639963e-06,0.85,0
45.42119288444519,45.45621633529663,3,7267854570014967,0,9935332863067668,3,38.735578569944565,4.447826676674405,-1.7282568337668673,-0.14153407639579257,-3.215682558445945e-06,-3.215682558445945e-06,0.85,0
45.72706627845764,45.737366676330566,3,7267854570014967,0,509525082876017,3,37.80430848468229,5.104705896906459,-1.5686254907471666,-0.5562140352355487,-5.36252376205416e-06,-5.36252376205416e-06,0.85,0
46.12145972251892,46.15522789955139,3,7267854570014967,0,7458043307264763,3,37.35562891197702,6.186020020125708,-1.007302265326393,-0.07258265406712415,-1.52338558979341e-08,-1.52338558979341e-08,0.85,0
46.40774703025818,46.461756229400635,3,7267854570014967,0,7906574815020979,3,37.383457361815594,5.546881031499817,-0.7273898212451486,-0.2983374844939179,-4.928727973686452e-07,-4.928727973686452e-07,0.85,0
46.74485778808594,46.788214921951294,3,7267854570014967,0,6611055513394589,3,36.88400600104961,6.13160431941785,0.06305294438252429,0.17594270758064984,-6.022633506537562e-06,-6.022633506537562e-06,0.85,0
47.09141397476196,47.12227177619934,3,7267854570014967,0,2147059880226772,3,37.54110667694998,4.959843539382489,-1.3727773017666827,0.054466278570285936,5.32609039385328e-06,5.32609039385328e-06,0.85,0
47.37269425392151,47.40495443344116,3,7267854570014967,0,3395260803429981,3,37.1068048086994,6.055813620950831,-1.03939751641019,0.06164900500991065,-3.6307501706075694e-06,-3.6307501706075694e-06,0.85,0
47.70806837081909,47.712586402893066,3,7267854570014967,0,1473134515419247,3,36.61700933941825,5.833760045058982,-1.4830271490625342,0.003950738866204925,4.06130290772559e-06,4.06130290772559e-06,0.85,0
48.30222797393799,48.34479212760925,3,7267854570014967,0,633313862985883,3,36.772269115957904,5.440044542673392,-1.136660289801334,0.35224235011988503,4.008061692486429e-06,4.008061692486429e-06,0.85,0
48.62863254547119,48.686511278152466,3,7267854570014967,0,2332813156742219,3,35.69709363309752,5.161517699784239,-1.266865866010794,0.342716325558401,-3.987636902860823e-06,-3.987636902860823e-06,0.85,0
48.96337294578552,49.00722312927246,3,7267854570014967,0,3697874917377944,3,34.26722836296924,4.679943386169877,-1.4142059819669641,0.01813611785848088,-1.7834974471309593e-05,-1.7834974471309593e-05,0.85,0
49.25873255729675,49.299111127853394,3,7267854570014967,0,5611426666425627,3,34.943518354965285,5.120566138855085,-0.9636375343993377,-0.5071966993745075,-1.9025482239607325e-05,-1.9025482239607325e-05,0.85,0
49.517290115356445,49.54863882064819,3,7267854570014967,0,3873157908719091,3,35.363489851014435,4.710700710643351,-1.5659816074456518,1.0209619293633458,9.506357348663466e-06,9.506357348663466e-06,0.85,0
49.85123920440674,49.879589557647705,3,7267854570014967,0,292946358061185,3,34.49501530403953,5.952200128673565,-1.1246740706641816,0.038302260096161576,2.3668928301302688e-06,2.3668928301302688e-06,0.85,0
50.132981061935425,51.195106744766235,3,7267854570014967,0,569358175652123,3,34.504986649719505,5.34776620534388,-1.099993246330459,-0.5020328212451673,1.4153893553867058e-05,1.4153893553867058e-05,0.85,0
